code,location_name,population,income_group,cluster,YLDs,YLLs
AFG,Afghanistan,38041757,World Bank Low Income,Adult_late,690674.525800029,702549.3405235523
AFG,Afghanistan,38041757,World Bank Low Income,Adult_early,1023551.3708449788,1001915.1103464605
AFG,Afghanistan,38041757,World Bank Low Income,Infant,1234705.205197755,8271444.536423205
AFG,Afghanistan,38041757,World Bank Low Income,Senescent,781855.9613190859,3410663.048710152
AGO,Angola,31825299,World Bank Lower Middle Income,Adult_late,587945.4985479392,1124956.037815948
AGO,Angola,31825299,World Bank Lower Middle Income,Adult_early,677075.6417953051,1508099.0979981318
AGO,Angola,31825299,World Bank Lower Middle Income,Infant,712217.4720669466,5737327.750427417
AGO,Angola,31825299,World Bank Lower Middle Income,Senescent,641734.8944108381,1593511.014682997
ALB,Albania,2854191,World Bank Upper Middle Income,Adult_late,76876.85591614769,61443.10364537184
ALB,Albania,2854191,World Bank Upper Middle Income,Adult_early,62763.08479635978,21752.04722351804
ALB,Albania,2854191,World Bank Upper Middle Income,Infant,34776.48019456727,50284.581062857455
ALB,Albania,2854191,World Bank Upper Middle Income,Senescent,141736.626524443,316082.61965964723
AND,Andorra,77146,World Bank High Income,Adult_late,3337.3182817913016,2395.340328051214
AND,Andorra,77146,World Bank High Income,Adult_early,2673.915640582304,795.9454797068049
AND,Andorra,77146,World Bank High Income,Infant,719.746009089923,517.0104073158641
AND,Andorra,77146,World Bank High Income,Senescent,4405.668031570218,7081.595447200851
ARE,United Arab Emirates,9770526,World Bank High Income,Adult_late,312965.46620136534,151449.30188110252
ARE,United Arab Emirates,9770526,World Bank High Income,Adult_early,266102.26642810984,229040.37201488708
ARE,United Arab Emirates,9770526,World Bank High Income,Infant,101088.63007818721,96936.21539086019
ARE,United Arab Emirates,9770526,World Bank High Income,Senescent,300817.7730228037,682084.294988115
ARG,Argentina,44938712,World Bank Upper Middle Income,Adult_late,1389737.2915010117,955444.3907210992
ARG,Argentina,44938712,World Bank Upper Middle Income,Adult_early,1200984.1870439977,801885.6816017958
ARG,Argentina,44938712,World Bank Upper Middle Income,Infant,571773.9627401871,1418957.5894569557
ARG,Argentina,44938712,World Bank Upper Middle Income,Senescent,1845419.356566159,4402181.4131411975
ARM,Armenia,2957728,World Bank Upper Middle Income,Adult_late,80358.01805947564,86961.60967267529
ARM,Armenia,2957728,World Bank Upper Middle Income,Adult_early,75225.14155326888,29266.103299332604
ARM,Armenia,2957728,World Bank Upper Middle Income,Infant,44284.23448977968,56627.99886986432
ARM,Armenia,2957728,World Bank Upper Middle Income,Senescent,138768.61045397868,410760.83928536257
ASM,American Samoa,55312,World Bank Upper Middle Income,Adult_late,1258.1697967429939,1085.803045390599
ASM,American Samoa,55312,World Bank Upper Middle Income,Adult_early,1255.1354125257496,664.5190758186643
ASM,American Samoa,55312,World Bank Upper Middle Income,Infant,827.7200265252274,1737.133268530901
ASM,American Samoa,55312,World Bank Upper Middle Income,Senescent,2440.7520597231055,7253.279802308347
ATG,Antigua and Barbuda,97115,World Bank High Income,Adult_late,2434.773985917391,1346.2967140998644
ATG,Antigua and Barbuda,97115,World Bank High Income,Adult_early,2441.2958466021637,1283.5118371337774
ATG,Antigua and Barbuda,97115,World Bank High Income,Infant,1203.3498124539403,2051.223901356737
ATG,Antigua and Barbuda,97115,World Bank High Income,Senescent,3942.3653839015387,9535.378857096335
AUS,Australia,25365745,World Bank High Income,Adult_late,914734.7888656558,470406.75602115015
AUS,Australia,25365745,World Bank High Income,Adult_early,775029.5745041248,282071.947860246
AUS,Australia,25365745,World Bank High Income,Infant,237560.2150774111,197369.55812240462
AUS,Australia,25365745,World Bank High Income,Senescent,1484707.6135780364,1927218.9936589848
AUT,Austria,8879920,World Bank High Income,Adult_late,319264.4395721262,213978.95059443018
AUT,Austria,8879920,World Bank High Income,Adult_early,290383.15735631,91860.18078804541
AUT,Austria,8879920,World Bank High Income,Infant,82200.29364302703,60510.04233315406
AUT,Austria,8879920,World Bank High Income,Senescent,552663.2572818636,921338.0207714064
AZE,Azerbaijan,10024283,World Bank Upper Middle Income,Adult_late,236535.4242289789,270018.7363777296
AZE,Azerbaijan,10024283,World Bank Upper Middle Income,Adult_early,236486.56260870324,75804.84889625548
AZE,Azerbaijan,10024283,World Bank Upper Middle Income,Infant,169303.90629024326,460755.55450693244
AZE,Azerbaijan,10024283,World Bank Upper Middle Income,Senescent,369936.13878733444,1338859.4614223517
BDI,Burundi,11530577,World Bank Low Income,Adult_late,205560.824878861,546970.1697513319
BDI,Burundi,11530577,World Bank Low Income,Adult_early,251862.7249668936,307118.2976828161
BDI,Burundi,11530577,World Bank Low Income,Infant,416688.16615586204,3028557.8047035313
BDI,Burundi,11530577,World Bank Low Income,Senescent,235239.40429979717,701111.819354488
BEL,Belgium,11488980,World Bank High Income,Adult_late,422506.6452226552,327107.3121107909
BEL,Belgium,11488980,World Bank High Income,Adult_early,369199.33497916657,143766.26892555624
BEL,Belgium,11488980,World Bank High Income,Infant,112327.47186391651,154641.02608423802
BEL,Belgium,11488980,World Bank High Income,Senescent,709915.7276021461,1157806.036874407
BEN,Benin,11801151,World Bank Lower Middle Income,Adult_late,218345.98442545027,272411.09652733203
BEN,Benin,11801151,World Bank Lower Middle Income,Adult_early,265718.2871663431,358870.3469778945
BEN,Benin,11801151,World Bank Lower Middle Income,Infant,318313.7759934089,4118190.2488797153
BEN,Benin,11801151,World Bank Lower Middle Income,Senescent,261162.41820360252,716773.4013295867
BFA,Burkina Faso,20321383,World Bank Low Income,Adult_late,402019.27004720323,655310.0061430797
BFA,Burkina Faso,20321383,World Bank Low Income,Adult_early,442144.7630339938,751922.1866143494
BFA,Burkina Faso,20321383,World Bank Low Income,Infant,745466.3583851011,9448796.672008116
BFA,Burkina Faso,20321383,World Bank Low Income,Senescent,460661.04225413065,1462738.7212700434
BGD,Bangladesh,163046173,World Bank Lower Middle Income,Adult_late,5019173.454100842,3000290.1608846113
BGD,Bangladesh,163046173,World Bank Lower Middle Income,Adult_early,3664865.573968222,1384384.7428138077
BGD,Bangladesh,163046173,World Bank Lower Middle Income,Infant,3197844.377389903,9508658.193088915
BGD,Bangladesh,163046173,World Bank Lower Middle Income,Senescent,4617787.044211796,12729913.002072694
BGR,Bulgaria,6975761,World Bank Upper Middle Income,Adult_late,221783.49049356233,299752.4073851288
BGR,Bulgaria,6975761,World Bank Upper Middle Income,Adult_early,164617.53123392456,78810.18087780724
BGR,Bulgaria,6975761,World Bank Upper Middle Income,Infant,73340.85956194194,102731.15813097499
BGR,Bulgaria,6975761,World Bank Upper Middle Income,Senescent,485442.7602299496,1826862.5995065079
BHR,Bahrain,1641164,World Bank High Income,Adult_late,49857.77115813377,13970.08036551006
BHR,Bahrain,1641164,World Bank High Income,Adult_early,39925.49988038436,14063.291087133803
BHR,Bahrain,1641164,World Bank High Income,Infant,17335.304265649895,14598.765288259716
BHR,Bahrain,1641164,World Bank High Income,Senescent,53224.381995752636,82947.62999235243
BHS,Bahamas,389486,World Bank High Income,Adult_late,10178.113971265562,8412.06681234514
BHS,Bahamas,389486,World Bank High Income,Adult_early,10606.032911839202,19514.501639396713
BHS,Bahamas,389486,World Bank High Income,Infant,5546.043532182499,8860.740590262374
BHS,Bahamas,389486,World Bank High Income,Senescent,15008.29221676343,43594.465959092464
BIH,Bosnia and Herzegovina,3300998,World Bank Upper Middle Income,Adult_late,98115.83174488043,119335.34633729768
BIH,Bosnia and Herzegovina,3300998,World Bank Upper Middle Income,Adult_early,78322.84481563441,25983.45805697291
BIH,Bosnia and Herzegovina,3300998,World Bank Upper Middle Income,Infant,49492.43975928429,29665.499956793974
BIH,Bosnia and Herzegovina,3300998,World Bank Upper Middle Income,Senescent,220656.39917804624,529134.8839506437
BLR,Belarus,9419758,World Bank Upper Middle Income,Adult_late,308923.97768105933,312662.5868839803
BLR,Belarus,9419758,World Bank Upper Middle Income,Adult_early,271210.6362902782,273756.6095867933
BLR,Belarus,9419758,World Bank Upper Middle Income,Infant,103210.07347659861,165507.79500935797
BLR,Belarus,9419758,World Bank Upper Middle Income,Senescent,512043.348758613,1793347.9033426458
BLZ,Belize,390351,World Bank Upper Middle Income,Adult_late,9178.29450232775,7168.062572834954
BLZ,Belize,390351,World Bank Upper Middle Income,Adult_early,10199.512674968824,16343.052346534378
BLZ,Belize,390351,World Bank Upper Middle Income,Infant,7060.524212232107,15738.30522963405
BLZ,Belize,390351,World Bank Upper Middle Income,Senescent,12528.942284744102,28850.702377315876
BMU,Bermuda,63911,World Bank High Income,Adult_late,2172.619213205769,1450.4007216933517
BMU,Bermuda,63911,World Bank High Income,Adult_early,1710.7306861979828,762.0678557714289
BMU,Bermuda,63911,World Bank High Income,Infant,715.4804911545691,626.3306569234736
BMU,Bermuda,63911,World Bank High Income,Senescent,3613.863731430427,7319.352636300326
BOL,Bolivia (Plurinational State of),11513102,World Bank Lower Middle Income,Adult_late,281399.1423847489,255315.4426975919
BOL,Bolivia (Plurinational State of),11513102,World Bank Lower Middle Income,Adult_early,294090.40764101315,237757.83837305565
BOL,Bolivia (Plurinational State of),11513102,World Bank Lower Middle Income,Infant,204110.91435612369,973587.3374003484
BOL,Bolivia (Plurinational State of),11513102,World Bank Lower Middle Income,Senescent,371560.11731761356,1033298.1386888954
BRA,Brazil,211049519,World Bank Upper Middle Income,Adult_late,7128452.605833483,4611229.917086335
BRA,Brazil,211049519,World Bank Upper Middle Income,Adult_early,7178872.964776873,7310785.4930121
BRA,Brazil,211049519,World Bank Upper Middle Income,Infant,3104395.343561786,7907372.801316239
BRA,Brazil,211049519,World Bank Upper Middle Income,Senescent,8778648.378399817,19388690.274787627
BRB,Barbados,287021,World Bank High Income,Adult_late,9139.091368492584,6425.959119700821
BRB,Barbados,287021,World Bank High Income,Adult_early,7644.933134023061,4775.506233132636
BRB,Barbados,287021,World Bank High Income,Infant,4234.44344048092,7369.115336909016
BRB,Barbados,287021,World Bank High Income,Senescent,15816.07689846762,44263.049851035925
BRN,Brunei Darussalam,433296,World Bank High Income,Adult_late,11282.313455383583,9431.762901559696
BRN,Brunei Darussalam,433296,World Bank High Income,Adult_early,9176.665052028766,4335.229491143806
BRN,Brunei Darussalam,433296,World Bank High Income,Infant,5397.942507440356,8775.91647617802
BRN,Brunei Darussalam,433296,World Bank High Income,Senescent,15801.708404952107,33703.30215706978
BTN,Bhutan,763094,World Bank Lower Middle Income,Adult_late,21528.580692717038,15481.13931898572
BTN,Bhutan,763094,World Bank Lower Middle Income,Adult_early,17880.60753779691,7931.467476612568
BTN,Bhutan,763094,World Bank Lower Middle Income,Infant,18600.257582768423,46911.50703447299
BTN,Bhutan,763094,World Bank Lower Middle Income,Senescent,22562.661942325478,63078.65130572549
BWA,Botswana,2303703,World Bank Upper Middle Income,Adult_late,53316.7884698333,88794.26759312961
BWA,Botswana,2303703,World Bank Upper Middle Income,Adult_early,91434.839210104,330463.226292284
BWA,Botswana,2303703,World Bank Upper Middle Income,Infant,37566.00667992199,241554.07656566348
BWA,Botswana,2303703,World Bank Upper Middle Income,Senescent,71565.85862055431,209006.6633863992
CAF,Central African Republic,4745179,World Bank Low Income,Adult_late,115347.04910073982,585092.1577415938
CAF,Central African Republic,4745179,World Bank Low Income,Adult_early,157671.3190097118,496021.52740420494
CAF,Central African Republic,4745179,World Bank Low Income,Infant,153025.88779825866,2317990.776410103
CAF,Central African Republic,4745179,World Bank Low Income,Senescent,117800.90590383738,460723.07464140793
CAN,Canada,37601230,World Bank High Income,Adult_late,1567816.6034117131,952508.7215026473
CAN,Canada,37601230,World Bank High Income,Adult_early,1042521.8086303144,491512.3712518967
CAN,Canada,37601230,World Bank High Income,Infant,380530.22191134427,377320.0418751873
CAN,Canada,37601230,World Bank High Income,Senescent,1962140.1200448945,3208689.1968279453
CHE,Switzerland,8575280,World Bank High Income,Adult_late,354991.848950633,173559.1150395386
CHE,Switzerland,8575280,World Bank High Income,Adult_early,282644.5656710889,74544.9349817237
CHE,Switzerland,8575280,World Bank High Income,Infant,81088.90463327464,69687.3257387965
CHE,Switzerland,8575280,World Bank High Income,Senescent,489426.09776618134,718871.6811418254
CHL,Chile,18952035,World Bank High Income,Adult_late,652921.6969538808,365873.0154429591
CHL,Chile,18952035,World Bank High Income,Adult_early,511005.74498491903,245445.37486114004
CHL,Chile,18952035,World Bank High Income,Infant,200407.71391755363,272152.0468843392
CHL,Chile,18952035,World Bank High Income,Senescent,804705.1092526802,1464431.496410825
CHN,China,1407745000,World Bank Upper Middle Income,Adult_late,41080165.648394555,45232247.56111124
CHN,China,1407745000,World Bank Upper Middle Income,Adult_early,32480558.57084078,11647529.442358194
CHN,China,1407745000,World Bank Upper Middle Income,Infant,14807535.782032138,18898354.17099903
CHN,China,1407745000,World Bank Upper Middle Income,Senescent,65429614.467808835,152629562.70650294
CIV,C么te d'Ivoire,25716554,World Bank Lower Middle Income,Adult_late,481106.14375340944,633587.0429880623
CIV,C么te d'Ivoire,25716554,World Bank Lower Middle Income,Adult_early,646844.2213985008,1194154.6290045038
CIV,C么te d'Ivoire,25716554,World Bank Lower Middle Income,Infant,695084.2580151774,6750337.202909197
CIV,C么te d'Ivoire,25716554,World Bank Lower Middle Income,Senescent,575807.065195012,1449487.9772558091
CMR,Cameroon,25876387,World Bank Lower Middle Income,Adult_late,560825.590202215,630119.951699636
CMR,Cameroon,25876387,World Bank Lower Middle Income,Adult_early,784173.650360234,1831441.1509037216
CMR,Cameroon,25876387,World Bank Lower Middle Income,Infant,639639.460883667,6756238.946779995
CMR,Cameroon,25876387,World Bank Lower Middle Income,Senescent,606768.9515901242,1723308.757694947
COD,Democratic Republic of the Congo,86790568,World Bank Low Income,Adult_late,1786523.3852095765,3687920.8876796085
COD,Democratic Republic of the Congo,86790568,World Bank Low Income,Adult_early,2605309.1825438063,2950245.2650817586
COD,Democratic Republic of the Congo,86790568,World Bank Low Income,Infant,2300444.94416185,17313938.06391035
COD,Democratic Republic of the Congo,86790568,World Bank Low Income,Senescent,1843517.3247627944,5014504.1932286685
COG,Congo,5380504,World Bank Lower Middle Income,Adult_late,119682.07905450324,185442.85669139551
COG,Congo,5380504,World Bank Lower Middle Income,Adult_early,136407.7382293417,336612.1480658622
COG,Congo,5380504,World Bank Lower Middle Income,Infant,133439.38059262538,650155.0902182171
COG,Congo,5380504,World Bank Lower Middle Income,Senescent,133653.0244005036,369357.5817746582
COL,Colombia,50339443,World Bank Upper Middle Income,Adult_late,1361510.8390246162,650128.8740241344
COL,Colombia,50339443,World Bank Upper Middle Income,Adult_early,1247072.7889201217,1503556.1157890393
COL,Colombia,50339443,World Bank Upper Middle Income,Infant,587143.6434937536,1180557.5537545898
COL,Colombia,50339443,World Bank Upper Middle Income,Senescent,1860446.0888832172,3177123.03694301
COM,Comoros,850891,World Bank Lower Middle Income,Adult_late,16175.609240200178,23580.994761757287
COM,Comoros,850891,World Bank Lower Middle Income,Adult_early,16264.869955864422,13143.456379304274
COM,Comoros,850891,World Bank Lower Middle Income,Infant,16159.09528267162,100786.34539736826
COM,Comoros,850891,World Bank Lower Middle Income,Senescent,19451.376516242894,53510.01552753464
CPV,Cabo Verde,549936,World Bank Lower Middle Income,Adult_late,14280.033459085389,12342.395690727168
CPV,Cabo Verde,549936,World Bank Lower Middle Income,Adult_early,13210.461463466834,12355.861957380686
CPV,Cabo Verde,549936,World Bank Lower Middle Income,Infant,10221.67834090193,26434.071865085505
CPV,Cabo Verde,549936,World Bank Lower Middle Income,Senescent,17216.668489888227,42195.09733474146
CRI,Costa Rica,5047561,World Bank Upper Middle Income,Adult_late,141264.27651856645,82005.44603657167
CRI,Costa Rica,5047561,World Bank Upper Middle Income,Adult_early,118780.55689691995,80938.29758899224
CRI,Costa Rica,5047561,World Bank Upper Middle Income,Infant,50176.9208307583,80408.57554618771
CRI,Costa Rica,5047561,World Bank Upper Middle Income,Senescent,198762.57664875127,337477.19182831736
CUB,Cuba,11333484,World Bank Upper Middle Income,Adult_late,377103.4675778496,353464.87928166654
CUB,Cuba,11333484,World Bank Upper Middle Income,Adult_early,287267.74491603527,153654.17304350756
CUB,Cuba,11333484,World Bank Upper Middle Income,Infant,145050.17428986204,189299.7385213581
CUB,Cuba,11333484,World Bank Upper Middle Income,Senescent,636613.8897431685,1338556.9981109237
CYP,Cyprus,1198574,World Bank High Income,Adult_late,47392.264694481266,20721.223950077107
CYP,Cyprus,1198574,World Bank High Income,Adult_early,41887.31995395893,13493.13439743477
CYP,Cyprus,1198574,World Bank High Income,Infant,12572.250986033285,10036.819088164415
CYP,Cyprus,1198574,World Bank High Income,Senescent,62419.48413246808,112179.96865392318
CZE,Czechia,10671870,World Bank High Income,Adult_late,337014.48712664406,316236.34932336694
CZE,Czechia,10671870,World Bank High Income,Adult_early,258286.32434140737,108402.28613383879
CZE,Czechia,10671870,World Bank High Income,Infant,112222.81827559276,109775.59197526592
CZE,Czechia,10671870,World Bank High Income,Senescent,783214.1478453627,1430286.997645701
DEU,Germany,83092962,World Bank High Income,Adult_late,3489823.436480663,2516187.2250931403
DEU,Germany,83092962,World Bank High Income,Adult_early,2646291.775808893,853356.5810804453
DEU,Germany,83092962,World Bank High Income,Infant,835018.4614397944,792398.7611298439
DEU,Germany,83092962,World Bank High Income,Senescent,5523270.621373347,10653885.821857098
DJI,Djibouti,973557,World Bank Lower Middle Income,Adult_late,25288.004908051513,38168.75522013118
DJI,Djibouti,973557,World Bank Lower Middle Income,Adult_early,28268.033480951795,71543.26475734416
DJI,Djibouti,973557,World Bank Lower Middle Income,Infant,25273.50663365642,174326.68605127433
DJI,Djibouti,973557,World Bank Lower Middle Income,Senescent,28831.79784688997,74753.11229963151
DMA,Dominica,71808,World Bank Upper Middle Income,Adult_late,1875.3742746366338,1636.8935672303778
DMA,Dominica,71808,World Bank Upper Middle Income,Adult_early,1777.5659868255786,1474.7282744095392
DMA,Dominica,71808,World Bank Upper Middle Income,Infant,1078.1238630715718,2961.3198802661186
DMA,Dominica,71808,World Bank Upper Middle Income,Senescent,3453.1904761133774,10807.489198507754
DNK,Denmark,5814422,World Bank High Income,Adult_late,251065.13789552715,173453.02765128986
DNK,Denmark,5814422,World Bank High Income,Adult_early,169002.04959541452,68256.87486311162
DNK,Denmark,5814422,World Bank High Income,Infant,56424.69721903541,62397.658178734186
DNK,Denmark,5814422,World Bank High Income,Senescent,315588.6916386511,605166.5021069889
DOM,Dominican Republic,10738957,World Bank Upper Middle Income,Adult_late,267055.9173935786,208986.7309979086
DOM,Dominican Republic,10738957,World Bank Upper Middle Income,Adult_early,289213.0704144712,347427.3152396362
DOM,Dominican Republic,10738957,World Bank Upper Middle Income,Infant,180256.3143282943,603672.7673389092
DOM,Dominican Republic,10738957,World Bank Upper Middle Income,Senescent,341514.55858904304,1071237.1728543125
DZA,Algeria,43053054,World Bank Lower Middle Income,Adult_late,1163655.6598179103,493872.9540567415
DZA,Algeria,43053054,World Bank Lower Middle Income,Adult_early,1107339.3132048852,599227.8915498238
DZA,Algeria,43053054,World Bank Lower Middle Income,Infant,578686.4550467163,1715491.9244096319
DZA,Algeria,43053054,World Bank Lower Middle Income,Senescent,1351047.4971699102,3112816.8332638447
ECU,Ecuador,17373657,World Bank Upper Middle Income,Adult_late,425409.680185733,332469.3839502545
ECU,Ecuador,17373657,World Bank Upper Middle Income,Adult_early,442888.1976297007,427680.27278733754
ECU,Ecuador,17373657,World Bank Upper Middle Income,Infant,211544.48096360415,654548.7285578994
ECU,Ecuador,17373657,World Bank Upper Middle Income,Senescent,610269.5289782261,1270286.922685893
EGY,Egypt,100388076,World Bank Lower Middle Income,Adult_late,2461931.8591095926,2280608.610204029
EGY,Egypt,100388076,World Bank Lower Middle Income,Adult_early,2435445.2610451626,1156984.7446636022
EGY,Egypt,100388076,World Bank Lower Middle Income,Infant,1478845.900101054,3353629.7536023324
EGY,Egypt,100388076,World Bank Lower Middle Income,Senescent,2751295.2173806033,10452758.220419634
ERI,Eritrea,NA,World Bank Low Income,Adult_late,126015.39960686205,324971.59947238915
ERI,Eritrea,NA,World Bank Low Income,Adult_early,141781.66008638113,233083.0362220092
ERI,Eritrea,NA,World Bank Low Income,Infant,194999.00727145764,1090107.7337897206
ERI,Eritrea,NA,World Bank Low Income,Senescent,146388.21080388746,440350.0215230728
ESP,Spain,47134837,World Bank High Income,Adult_late,1744150.1495887144,1094540.5442011661
ESP,Spain,47134837,World Bank High Income,Adult_early,1389969.6047872703,312150.7438306168
ESP,Spain,47134837,World Bank High Income,Infant,438594.46856312617,388892.8534636722
ESP,Spain,47134837,World Bank High Income,Senescent,2749246.358587585,4534555.644080586
EST,Estonia,1326855,World Bank High Income,Adult_late,43257.46054700208,41151.28328165358
EST,Estonia,1326855,World Bank High Income,Adult_early,37288.80850084969,29289.131101238974
EST,Estonia,1326855,World Bank High Income,Infant,14639.756462032328,14429.82852775062
EST,Estonia,1326855,World Bank High Income,Senescent,77895.91141119678,197803.5468530649
ETH,Ethiopia,112078727,World Bank Low Income,Adult_late,1823220.615833935,2427301.2384491195
ETH,Ethiopia,112078727,World Bank Low Income,Adult_early,2513661.3373515783,2893608.0352555257
ETH,Ethiopia,112078727,World Bank Low Income,Infant,2522428.280853059,18795236.335444935
ETH,Ethiopia,112078727,World Bank Low Income,Senescent,2193567.9404331674,4885305.720185695
FIN,Finland,5521606,World Bank High Income,Adult_late,218336.90632600154,131799.2478803271
FIN,Finland,5521606,World Bank High Income,Adult_early,157629.13788354807,79640.89644609195
FIN,Finland,5521606,World Bank High Income,Infant,50143.10016695338,37468.75189481391
FIN,Finland,5521606,World Bank High Income,Senescent,361034.9181606625,634978.4494381367
FJI,Fiji,889955,World Bank Upper Middle Income,Adult_late,21670.391309733375,15389.445458744969
FJI,Fiji,889955,World Bank Upper Middle Income,Adult_early,22281.39082359085,11984.92382771701
FJI,Fiji,889955,World Bank Upper Middle Income,Infant,16202.027926295861,48599.63595416425
FJI,Fiji,889955,World Bank Upper Middle Income,Senescent,36062.48935981715,156679.15567090068
FRA,France,67248926,World Bank High Income,Adult_late,2509904.719727528,1844820.7002800305
FRA,France,67248926,World Bank High Income,Adult_early,2003316.4362166547,737551.131880088
FRA,France,67248926,World Bank High Income,Infant,657051.8622903043,742432.9218195854
FRA,France,67248926,World Bank High Income,Senescent,3600384.54793076,5971163.686798274
FSM,Micronesia (Federated States of),113811,World Bank Lower Middle Income,Adult_late,2271.821370972351,2916.4327671528176
FSM,Micronesia (Federated States of),113811,World Bank Lower Middle Income,Adult_early,2450.650930502673,5188.060703753335
FSM,Micronesia (Federated States of),113811,World Bank Lower Middle Income,Infant,1739.4941943640972,4841.382787729349
FSM,Micronesia (Federated States of),113811,World Bank Lower Middle Income,Senescent,3404.2756136507437,19103.09765724774
GAB,Gabon,2172578,World Bank Upper Middle Income,Adult_late,43282.00330459366,54664.57242563357
GAB,Gabon,2172578,World Bank Upper Middle Income,Adult_early,49222.58146726701,91270.41432779009
GAB,Gabon,2172578,World Bank Upper Middle Income,Infant,42619.323651791565,160434.72584587472
GAB,Gabon,2172578,World Bank Upper Middle Income,Senescent,49277.74147537622,132338.9517722032
GBR,United Kingdom,66836327,World Bank High Income,Adult_late,2700682.787086711,1792219.737253443
GBR,United Kingdom,66836327,World Bank High Income,Adult_early,2054305.0931554115,550569.0059382466
GBR,United Kingdom,66836327,World Bank High Income,Infant,722537.0398836671,919940.0586248073
GBR,United Kingdom,66836327,World Bank High Income,Senescent,4140289.0390793635,6831748.495880643
GEO,Georgia,3720161,World Bank Upper Middle Income,Adult_late,99240.79793751448,146624.70701720446
GEO,Georgia,3720161,World Bank Upper Middle Income,Adult_early,81504.90185195177,44677.4888102624
GEO,Georgia,3720161,World Bank Upper Middle Income,Infant,58016.45651127849,71818.25389580113
GEO,Georgia,3720161,World Bank Upper Middle Income,Senescent,212529.91736579075,733893.2629754522
GHA,Ghana,30417858,World Bank Lower Middle Income,Adult_late,654804.2135760598,912705.0694999238
GHA,Ghana,30417858,World Bank Lower Middle Income,Adult_early,791733.151955886,1151466.170970004
GHA,Ghana,30417858,World Bank Lower Middle Income,Infant,724436.6749820829,5182579.596067332
GHA,Ghana,30417858,World Bank Lower Middle Income,Senescent,732151.9517500792,2135982.4382059854
GIN,Guinea,12771246,World Bank Low Income,Adult_late,225799.83242100498,420685.3253200457
GIN,Guinea,12771246,World Bank Low Income,Adult_early,275780.01258666,584391.1348119649
GIN,Guinea,12771246,World Bank Low Income,Infant,339087.15678394196,4476312.714183605
GIN,Guinea,12771246,World Bank Low Income,Senescent,270767.1812025615,879603.1050132428
GMB,Gambia,2347696,World Bank Low Income,Adult_late,46256.434507317084,57949.57539565698
GMB,Gambia,2347696,World Bank Low Income,Adult_early,51185.33641728451,87367.020195922
GMB,Gambia,2347696,World Bank Low Income,Infant,62901.09719245602,314892.2564642148
GMB,Gambia,2347696,World Bank Low Income,Senescent,48112.94774769906,128598.10083107935
GNB,Guinea-Bissau,1920917,World Bank Low Income,Adult_late,35091.862584772556,65868.4443297781
GNB,Guinea-Bissau,1920917,World Bank Low Income,Adult_early,47556.24225054989,102872.99566014131
GNB,Guinea-Bissau,1920917,World Bank Low Income,Infant,47457.07822851782,471604.19523407915
GNB,Guinea-Bissau,1920917,World Bank Low Income,Senescent,40094.15722778891,142314.37285030723
GNQ,Equatorial Guinea,1355982,World Bank Upper Middle Income,Adult_late,29407.275630682787,25116.517937231067
GNQ,Equatorial Guinea,1355982,World Bank Upper Middle Income,Adult_early,39790.97564642693,135888.03606804056
GNQ,Equatorial Guinea,1355982,World Bank Upper Middle Income,Infant,31290.8279813299,154029.48163735116
GNQ,Equatorial Guinea,1355982,World Bank Upper Middle Income,Senescent,30520.968081753355,56439.93374684354
GRC,Greece,10721582,World Bank High Income,Adult_late,452804.8018707142,305093.70692901633
GRC,Greece,10721582,World Bank High Income,Adult_early,310292.6353108025,77272.15947320446
GRC,Greece,10721582,World Bank High Income,Infant,92740.88313913006,128508.59174602172
GRC,Greece,10721582,World Bank High Income,Senescent,624648.3896973218,1391710.2467616892
GRD,Grenada,112002,World Bank Upper Middle Income,Adult_late,2717.874212485751,2235.045302549677
GRD,Grenada,112002,World Bank Upper Middle Income,Adult_early,2609.715877132609,1487.12889640745
GRD,Grenada,112002,World Bank Upper Middle Income,Infant,1629.491535777978,3398.73570118509
GRD,Grenada,112002,World Bank Upper Middle Income,Senescent,4654.416934860516,13691.454178797658
GRL,Greenland,56225,World Bank High Income,Adult_late,2520.0618639021604,2545.7951283507323
GRL,Greenland,56225,World Bank High Income,Adult_early,1667.9092943327978,2498.0859119397905
GRL,Greenland,56225,World Bank High Income,Infant,645.108276227778,1265.9945901204874
GRL,Greenland,56225,World Bank High Income,Senescent,2539.7467519316815,6430.475844091029
GTM,Guatemala,16604026,World Bank Upper Middle Income,Adult_late,413531.0564519688,355600.1361447677
GTM,Guatemala,16604026,World Bank Upper Middle Income,Adult_early,436646.1838267538,650234.7571434799
GTM,Guatemala,16604026,World Bank Upper Middle Income,Infant,275865.17019358405,1155902.8371223796
GTM,Guatemala,16604026,World Bank Upper Middle Income,Senescent,561844.2846556472,1257773.6523027332
GUM,Guam,167295,World Bank High Income,Adult_late,4563.326913417697,4000.81576145097
GUM,Guam,167295,World Bank High Income,Adult_early,3846.6872747858815,3043.730701245167
GUM,Guam,167295,World Bank High Income,Infant,2549.696659849973,5113.5442245613
GUM,Guam,167295,World Bank High Income,Senescent,6906.225320079286,18368.13657587092
GUY,Guyana,782775,World Bank Upper Middle Income,Adult_late,20739.42036966708,20363.000738899344
GUY,Guyana,782775,World Bank Upper Middle Income,Adult_early,22864.191204876257,40862.23723491014
GUY,Guyana,782775,World Bank Upper Middle Income,Infant,14675.545643714171,45652.65188174894
GUY,Guyana,782775,World Bank Upper Middle Income,Senescent,29708.02312629476,114027.1093922251
HND,Honduras,9746115,World Bank Lower Middle Income,Adult_late,220145.00744698654,194696.58133233094
HND,Honduras,9746115,World Bank Lower Middle Income,Adult_early,234590.9599733971,254750.95145556342
HND,Honduras,9746115,World Bank Lower Middle Income,Infant,146574.84970524148,406628.2563543033
HND,Honduras,9746115,World Bank Lower Middle Income,Senescent,295600.6272147859,804304.9268508677
HRV,Croatia,4065253,World Bank High Income,Adult_late,142898.86897592322,151010.0524010936
HRV,Croatia,4065253,World Bank High Income,Adult_early,108383.17478814327,48850.61393187981
HRV,Croatia,4065253,World Bank High Income,Infant,42665.8367345348,31236.110488593473
HRV,Croatia,4065253,World Bank High Income,Senescent,302766.22569139453,648357.6033900923
HTI,Haiti,11263079,World Bank Lower Middle Income,Adult_late,248150.04292785632,288618.7576453268
HTI,Haiti,11263079,World Bank Lower Middle Income,Adult_early,395017.05473729724,710930.5080262113
HTI,Haiti,11263079,World Bank Lower Middle Income,Infant,283277.5597906238,2149592.9693475203
HTI,Haiti,11263079,World Bank Lower Middle Income,Senescent,371898.38936947257,1443360.2895892577
HUN,Hungary,9771141,World Bank High Income,Adult_late,309442.46761236805,488299.2250783188
HUN,Hungary,9771141,World Bank High Income,Adult_early,234539.17640848257,117816.14528638645
HUN,Hungary,9771141,World Bank High Income,Infant,105861.87670955801,83772.20731873016
HUN,Hungary,9771141,World Bank High Income,Senescent,680661.5158858286,1684542.5946634929
IDN,Indonesia,270625567,World Bank Lower Middle Income,Adult_late,6984596.367647884,8056370.702368286
IDN,Indonesia,270625567,World Bank Lower Middle Income,Adult_early,6031376.3832116285,2670541.8911894625
IDN,Indonesia,270625567,World Bank Lower Middle Income,Infant,4050006.004180183,12094683.484804196
IDN,Indonesia,270625567,World Bank Lower Middle Income,Senescent,8878265.39840102,28666930.248112816
IND,India,1366417756,World Bank Lower Middle Income,Adult_late,38726679.2448403,38675614.761265665
IND,India,1366417756,World Bank Lower Middle Income,Adult_early,34132500.329592004,25812074.87420349
IND,India,1366417756,World Bank Lower Middle Income,Infant,35748261.80671331,110302314.19379236
IND,India,1366417756,World Bank Lower Middle Income,Senescent,51115902.64292595,133362381.54252645
IRL,Ireland,4934340,World Bank High Income,Adult_late,186379.42122107325,98589.11142640995
IRL,Ireland,4934340,World Bank High Income,Adult_early,162199.51623072242,41017.78737186785
IRL,Ireland,4934340,World Bank High Income,Infant,46446.82888194579,45791.43583151905
IRL,Ireland,4934340,World Bank High Income,Senescent,234544.9049001403,371388.000938006
IRN,Iran (Islamic Republic of),82913893,World Bank Lower Middle Income,Adult_late,2881825.237585485,1124040.4354035382
IRN,Iran (Islamic Republic of),82913893,World Bank Lower Middle Income,Adult_early,2647487.017921082,1351246.2043114735
IRN,Iran (Islamic Republic of),82913893,World Bank Lower Middle Income,Infant,1112102.3765191021,1814805.3764512213
IRN,Iran (Islamic Republic of),82913893,World Bank Lower Middle Income,Senescent,2868521.143908233,6028693.03783176
IRQ,Iraq,39309789,World Bank Upper Middle Income,Adult_late,919824.6670915857,475215.6375544627
IRQ,Iraq,39309789,World Bank Upper Middle Income,Adult_early,1091735.3082806622,750694.70755997
IRQ,Iraq,39309789,World Bank Upper Middle Income,Infant,942630.0786994247,1693079.4875510808
IRQ,Iraq,39309789,World Bank Upper Middle Income,Senescent,1144404.6811445726,3276579.0520203416
ISL,Iceland,360563,World Bank High Income,Adult_late,11976.379431548758,5979.905556044404
ISL,Iceland,360563,World Bank High Income,Adult_early,10250.17195594074,3098.75551750233
ISL,Iceland,360563,World Bank High Income,Infant,3391.218381051196,2748.1912932769665
ISL,Iceland,360563,World Bank High Income,Senescent,17054.438803193545,22775.787725425922
ISR,Israel,9054000,World Bank High Income,Adult_late,300759.8836108742,119309.78409456962
ISR,Israel,9054000,World Bank High Income,Adult_early,238732.55463023705,55762.93714607653
ISR,Israel,9054000,World Bank High Income,Infant,103558.44376267488,93042.48124624189
ISR,Israel,9054000,World Bank High Income,Senescent,359171.4327395747,563852.6436958578
ITA,Italy,59729081,World Bank High Income,Adult_late,2548729.059100306,1429927.09121989
ITA,Italy,59729081,World Bank High Income,Adult_early,1777062.7065533448,370020.6074823167
ITA,Italy,59729081,World Bank High Income,Infant,548849.4253249597,392517.6772663262
ITA,Italy,59729081,World Bank High Income,Senescent,4083022.4490369027,6932628.439529181
JAM,Jamaica,2948277,World Bank Upper Middle Income,Adult_late,71954.48431274324,44507.149200329164
JAM,Jamaica,2948277,World Bank Upper Middle Income,Adult_early,70648.27770946431,53896.01825024565
JAM,Jamaica,2948277,World Bank Upper Middle Income,Infant,44617.2486293101,71855.21248518181
JAM,Jamaica,2948277,World Bank Upper Middle Income,Senescent,116771.61182094441,289396.4278961308
JOR,Jordan,10101697,World Bank Upper Middle Income,Adult_late,289680.110463379,94440.83159817339
JOR,Jordan,10101697,World Bank Upper Middle Income,Adult_early,290348.2227000038,94927.83122745449
JOR,Jordan,10101697,World Bank Upper Middle Income,Infant,167040.71056062024,365134.11376608314
JOR,Jordan,10101697,World Bank Upper Middle Income,Senescent,297340.49547550036,540716.2739190814
JPN,Japan,126633000,World Bank High Income,Adult_late,5019270.47117156,2811832.4953518356
JPN,Japan,126633000,World Bank High Income,Adult_early,2311301.049651685,1073698.8105482778
JPN,Japan,126633000,World Bank High Income,Infant,1357916.5736192341,1950622.2068279176
JPN,Japan,126633000,World Bank High Income,Senescent,8952926.621514086,13100755.211722597
KAZ,Kazakhstan,18513673,World Bank Upper Middle Income,Adult_late,439879.9485558959,508753.57081881445
KAZ,Kazakhstan,18513673,World Bank Upper Middle Income,Adult_early,449088.7625467872,508084.99666573043
KAZ,Kazakhstan,18513673,World Bank Upper Middle Income,Infant,293559.5370095197,594954.3616517368
KAZ,Kazakhstan,18513673,World Bank Upper Middle Income,Senescent,710602.7492375246,2274631.4643732784
KEN,Kenya,52573967,World Bank Lower Middle Income,Adult_late,994942.1628096957,1402294.8257592828
KEN,Kenya,52573967,World Bank Lower Middle Income,Adult_early,1207561.8001064758,3271068.5680478606
KEN,Kenya,52573967,World Bank Lower Middle Income,Infant,1032652.4593252832,6095144.658668781
KEN,Kenya,52573967,World Bank Lower Middle Income,Senescent,1150475.2133144718,2526354.4059529305
KGZ,Kyrgyzstan,6456200,World Bank Lower Middle Income,Adult_late,134383.14491209522,161781.75000136782
KGZ,Kyrgyzstan,6456200,World Bank Lower Middle Income,Adult_early,138050.29994009706,109461.3154179722
KGZ,Kyrgyzstan,6456200,World Bank Lower Middle Income,Infant,117278.29244746958,259142.65991458547
KGZ,Kyrgyzstan,6456200,World Bank Lower Middle Income,Senescent,184330.33208041821,546596.8519274576
KHM,Cambodia,16486542,World Bank Lower Middle Income,Adult_late,401416.99268682493,656713.5789471762
KHM,Cambodia,16486542,World Bank Lower Middle Income,Adult_early,373433.9499288768,282128.04690949694
KHM,Cambodia,16486542,World Bank Lower Middle Income,Infant,330609.90285781445,1347012.2037868637
KHM,Cambodia,16486542,World Bank Lower Middle Income,Senescent,491068.83187118464,1487802.1436649414
KIR,Kiribati,117608,World Bank Lower Middle Income,Adult_late,2607.228020995951,6221.001658680399
KIR,Kiribati,117608,World Bank Lower Middle Income,Adult_early,2612.465740036785,3783.102044449486
KIR,Kiribati,117608,World Bank Lower Middle Income,Infant,2547.356776705229,12644.983939795926
KIR,Kiribati,117608,World Bank Lower Middle Income,Senescent,3736.107749328462,22754.658295828493
KNA,Saint Kitts and Nevis,52834,World Bank High Income,Adult_late,1773.532542141743,1242.8323328257618
KNA,Saint Kitts and Nevis,52834,World Bank High Income,Adult_early,1617.556261383976,2669.746602372629
KNA,Saint Kitts and Nevis,52834,World Bank High Income,Infant,824.64136874709925,1814.3944967515085
KNA,Saint Kitts and Nevis,52834,World Bank High Income,Senescent,2614.398534201376,7788.5459200649875
KOR,Republic of Korea,51764822,World Bank High Income,Adult_late,1877820.1849281013,1349002.4306554645
KOR,Republic of Korea,51764822,World Bank High Income,Adult_early,1196884.6312701595,713499.2616676773
KOR,Republic of Korea,51764822,World Bank High Income,Infant,555102.4552879349,435266.96529208764
KOR,Republic of Korea,51764822,World Bank High Income,Senescent,2775754.9606443783,3498004.2681183657
KWT,Kuwait,4207077,World Bank High Income,Adult_late,139193.87511816787,27996.258083664125
KWT,Kuwait,4207077,World Bank High Income,Adult_early,129547.93840848585,32070.374120635155
KWT,Kuwait,4207077,World Bank High Income,Infant,54699.750192036256,65997.62253947608
KWT,Kuwait,4207077,World Bank High Income,Senescent,137107.68612898714,172952.89732186435
LAO,Lao People's Democratic Republic,7169456,World Bank Lower Middle Income,Adult_late,162079.14923049897,208127.4997001695
LAO,Lao People's Democratic Republic,7169456,World Bank Lower Middle Income,Adult_early,169287.01453932366,140746.76864205126
LAO,Lao People's Democratic Republic,7169456,World Bank Lower Middle Income,Infant,118633.78243539698,731739.9980850192
LAO,Lao People's Democratic Republic,7169456,World Bank Lower Middle Income,Senescent,189161.49770344255,655046.1059236305
LBN,Lebanon,6855709,World Bank Lower Middle Income,Adult_late,147572.86211896074,78476.00589336122
LBN,Lebanon,6855709,World Bank Lower Middle Income,Adult_early,149405.33868547087,48184.67093012484
LBN,Lebanon,6855709,World Bank Lower Middle Income,Infant,80737.28899472693,125836.75664146667
LBN,Lebanon,6855709,World Bank Lower Middle Income,Senescent,205872.91623130286,514971.693260885
LBR,Liberia,4937374,World Bank Low Income,Adult_late,90271.5109241803,102646.29969130582
LBR,Liberia,4937374,World Bank Low Income,Adult_early,170472.09270584013,163367.00222558418
LBR,Liberia,4937374,World Bank Low Income,Infant,122476.03383912763,969521.762613158
LBR,Liberia,4937374,World Bank Low Income,Senescent,102296.54674167417,254812.37020693172
LBY,Libya,6777453,World Bank Upper Middle Income,Adult_late,202096.01569835926,114232.90897357964
LBY,Libya,6777453,World Bank Upper Middle Income,Adult_early,217730.36707633195,131637.2166357158
LBY,Libya,6777453,World Bank Upper Middle Income,Infant,105058.43958206546,185402.6708775374
LBY,Libya,6777453,World Bank Upper Middle Income,Senescent,227971.2915029107,523123.8195723834
LCA,Saint Lucia,182795,World Bank Upper Middle Income,Adult_late,5016.899209775806,3830.411655871325
LCA,Saint Lucia,182795,World Bank Upper Middle Income,Adult_early,4649.777015522309,4143.721585302042
LCA,Saint Lucia,182795,World Bank Upper Middle Income,Infant,2720.3062610981233,4690.92967241167
LCA,Saint Lucia,182795,World Bank Upper Middle Income,Senescent,8803.738866985608,21146.757250449926
LKA,Sri Lanka,21803000,World Bank Lower Middle Income,Adult_late,589738.6712820064,398880.41756677034
LKA,Sri Lanka,21803000,World Bank Lower Middle Income,Adult_early,508737.5053139654,353098.7907511867
LKA,Sri Lanka,21803000,World Bank Lower Middle Income,Infant,359680.7991731158,495407.3925920202
LKA,Sri Lanka,21803000,World Bank Lower Middle Income,Senescent,986296.5127254578,2029568.2208146579
LSO,Lesotho,2125267,World Bank Lower Middle Income,Adult_late,51178.97900754124,176819.5639418096
LSO,Lesotho,2125267,World Bank Lower Middle Income,Adult_early,92254.85925287135,647625.3319797041
LSO,Lesotho,2125267,World Bank Lower Middle Income,Infant,34167.56669827536,338021.6520261379
LSO,Lesotho,2125267,World Bank Lower Middle Income,Senescent,61858.20907754869,245762.69349852257
LTU,Lithuania,2794137,World Bank High Income,Adult_late,97408.4801301342,104875.1291557835
LTU,Lithuania,2794137,World Bank High Income,Adult_early,78546.34721600324,69279.35342472655
LTU,Lithuania,2794137,World Bank High Income,Infant,29594.905841593536,40622.729814156926
LTU,Lithuania,2794137,World Bank High Income,Senescent,176198.66727337707,499104.44930899976
LUX,Luxembourg,620001,World Bank High Income,Adult_late,23051.191274465345,13679.239067652039
LUX,Luxembourg,620001,World Bank High Income,Adult_early,19863.021343696582,6056.228983929232
LUX,Luxembourg,620001,World Bank High Income,Infant,6059.514203263308,4626.808840152643
LUX,Luxembourg,620001,World Bank High Income,Senescent,33062.065403405206,45833.1724822423
LVA,Latvia,1913822,World Bank High Income,Adult_late,65304.16923374265,74817.39169042173
LVA,Latvia,1913822,World Bank High Income,Adult_early,54615.9752184199,44610.98542478376
LVA,Latvia,1913822,World Bank High Income,Infant,20413.09718465665,28673.56931760293
LVA,Latvia,1913822,World Bank High Income,Senescent,120774.2936805609,359828.68555259565
MAR,Morocco,36471766,World Bank Lower Middle Income,Adult_late,1125549.7719296617,691482.0733599218
MAR,Morocco,36471766,World Bank Lower Middle Income,Adult_early,969852.4698584983,525878.6847878079
MAR,Morocco,36471766,World Bank Lower Middle Income,Infant,536894.4680819021,1210486.755086341
MAR,Morocco,36471766,World Bank Lower Middle Income,Senescent,1234929.7845876361,3814387.6658697682
MCO,Monaco,38967,World Bank High Income,Adult_late,1621.0819170766952,1919.398903644494
MCO,Monaco,38967,World Bank High Income,Adult_early,1143.5756449494522,298.65071377427154
MCO,Monaco,38967,World Bank High Income,Infant,325.1597677580292,524.2635371099626
MCO,Monaco,38967,World Bank High Income,Senescent,2524.127812418899,5354.39762468417
MDA,Republic of Moldova,2664974,World Bank Upper Middle Income,Adult_late,112852.9793253872,147713.10685586
MDA,Republic of Moldova,2664974,World Bank Upper Middle Income,Adult_early,103406.20185658915,69546.01651588442
MDA,Republic of Moldova,2664974,World Bank Upper Middle Income,Infant,53448.802307855585,86917.24279647104
MDA,Republic of Moldova,2664974,World Bank Upper Middle Income,Senescent,189538.38088661365,602317.1828745089
MDG,Madagascar,26969306,World Bank Low Income,Adult_late,517879.6077650722,883264.4951507503
MDG,Madagascar,26969306,World Bank Low Income,Adult_early,551936.7350475229,480238.81021068984
MDG,Madagascar,26969306,World Bank Low Income,Infant,599028.5057432826,5233925.652621155
MDG,Madagascar,26969306,World Bank Low Income,Senescent,617064.4538621473,1842443.806769325
MDV,Maldives,530957,World Bank Upper Middle Income,Adult_late,12328.1242346692,4168.070804948522
MDV,Maldives,530957,World Bank Upper Middle Income,Adult_early,11247.150782844452,3090.0665304463014
MDV,Maldives,530957,World Bank Upper Middle Income,Infant,7673.085963974409,15086.72388979909
MDV,Maldives,530957,World Bank Upper Middle Income,Senescent,13500.813569693499,23743.720904328296
MEX,Mexico,127575529,World Bank Upper Middle Income,Adult_late,3581729.6581636416,2654428.8974763947
MEX,Mexico,127575529,World Bank Upper Middle Income,Adult_early,2975133.2665854464,3147142.438430231
MEX,Mexico,127575529,World Bank Upper Middle Income,Infant,1470366.9560456814,3720253.2616050537
MEX,Mexico,127575529,World Bank Upper Middle Income,Senescent,5348376.597772136,11082966.093333848
MHL,Marshall Islands,58791,World Bank Upper Middle Income,Adult_late,1213.5214639582903,1636.0996932798882
MHL,Marshall Islands,58791,World Bank Upper Middle Income,Adult_early,1282.365282716922,1709.8235093564908
MHL,Marshall Islands,58791,World Bank Upper Middle Income,Infant,1015.7999364197789,3486.503537268482
MHL,Marshall Islands,58791,World Bank Upper Middle Income,Senescent,2019.4015268718836,8946.265561446759
MKD,North Macedonia,2076694,World Bank Upper Middle Income,Adult_late,59768.785754419274,69493.3463306737
MKD,North Macedonia,2076694,World Bank Upper Middle Income,Adult_early,50887.27942645627,18158.269292274817
MKD,North Macedonia,2076694,World Bank Upper Middle Income,Infant,25273.44570309941,23891.248350099504
MKD,North Macedonia,2076694,World Bank Upper Middle Income,Senescent,125398.70327594379,376686.0904088647
MLI,Mali,19658023,World Bank Low Income,Adult_late,323382.35384367127,505743.0411206862
MLI,Mali,19658023,World Bank Low Income,Adult_early,419773.0134702211,757923.8615268709
MLI,Mali,19658023,World Bank Low Income,Infant,717518.7468064298,10302195.444279535
MLI,Mali,19658023,World Bank Low Income,Senescent,465661.1373620006,1355469.238012291
MLT,Malta,504062,World Bank High Income,Adult_late,17370.626243057264,8417.065439462096
MLT,Malta,504062,World Bank High Income,Adult_early,13508.353540794911,2641.426646520083
MLT,Malta,504062,World Bank High Income,Infant,4145.176864017036,5529.82738625199
MLT,Malta,504062,World Bank High Income,Senescent,26102.253643968015,45215.97302106425
MMR,Myanmar,54045422,World Bank Lower Middle Income,Adult_late,1250661.897458745,1892741.447596652
MMR,Myanmar,54045422,World Bank Lower Middle Income,Adult_early,1313412.6643534694,761331.0294258539
MMR,Myanmar,54045422,World Bank Lower Middle Income,Infant,1043451.4340870244,4520138.523686751
MMR,Myanmar,54045422,World Bank Lower Middle Income,Senescent,1922658.994455148,6718196.04564925
MNE,Montenegro,622028,World Bank Upper Middle Income,Adult_late,18553.56923733112,25524.126339391358
MNE,Montenegro,622028,World Bank Upper Middle Income,Adult_early,14969.322277098614,6977.155716560187
MNE,Montenegro,622028,World Bank Upper Middle Income,Infant,6874.104950349752,4974.677352520556
MNE,Montenegro,622028,World Bank Upper Middle Income,Senescent,35703.03843000993,95852.50428206219
MNG,Mongolia,3225166,World Bank Lower Middle Income,Adult_late,77861.11682439862,158446.79405773262
MNG,Mongolia,3225166,World Bank Lower Middle Income,Adult_early,81306.96682358815,104134.20795505078
MNG,Mongolia,3225166,World Bank Lower Middle Income,Infant,57221.61954857634,155999.64959079292
MNG,Mongolia,3225166,World Bank Lower Middle Income,Senescent,101962.80061596908,434350.33572614985
MNP,Northern Mariana Islands,57213,World Bank High Income,Adult_late,1261.9852496969866,1690.790166820807
MNP,Northern Mariana Islands,57213,World Bank High Income,Adult_early,1022.3119629636222,775.7454672664544
MNP,Northern Mariana Islands,57213,World Bank High Income,Infant,612.8115257083459,1024.0028720977973
MNP,Northern Mariana Islands,57213,World Bank High Income,Senescent,2035.7332176148154,6444.295841725477
MOZ,Mozambique,30366043,World Bank Low Income,Adult_late,516896.8324770241,1313358.0659982397
MOZ,Mozambique,30366043,World Bank Low Income,Adult_early,854570.9209615614,4374491.858548591
MOZ,Mozambique,30366043,World Bank Low Income,Infant,766083.9654843117,6864440.609640341
MOZ,Mozambique,30366043,World Bank Low Income,Senescent,634550.1102230327,1845883.037000894
MRT,Mauritania,4525698,World Bank Lower Middle Income,Adult_late,73707.69484175065,64494.77847236258
MRT,Mauritania,4525698,World Bank Lower Middle Income,Adult_early,83184.61388340732,82414.34008178796
MRT,Mauritania,4525698,World Bank Lower Middle Income,Infant,99145.9233044834,547466.2135873269
MRT,Mauritania,4525698,World Bank Lower Middle Income,Senescent,94266.50259378798,196403.9246587637
MUS,Mauritius,1265711,World Bank Upper Middle Income,Adult_late,41572.38163354869,29631.86509530278
MUS,Mauritius,1265711,World Bank Upper Middle Income,Adult_early,35595.13445135591,21042.94226620968
MUS,Mauritius,1265711,World Bank Upper Middle Income,Infant,16976.491374509922,26219.629689030317
MUS,Mauritius,1265711,World Bank Upper Middle Income,Senescent,68648.22921269535,182879.90855737915
MWI,Malawi,18628749,World Bank Low Income,Adult_late,310332.86806747655,605477.192117266
MWI,Malawi,18628749,World Bank Low Income,Adult_early,464216.9780917547,969460.4765699059
MWI,Malawi,18628749,World Bank Low Income,Infant,461334.07409942546,3290319.6909843567
MWI,Malawi,18628749,World Bank Low Income,Senescent,390347.53772347706,1013035.3966355756
MYS,Malaysia,31949789,World Bank Upper Middle Income,Adult_late,843501.6142863558,638641.274714553
MYS,Malaysia,31949789,World Bank Upper Middle Income,Adult_early,770471.7110827545,520291.6667441595
MYS,Malaysia,31949789,World Bank Upper Middle Income,Infant,436267.82032506156,941956.0071515396
MYS,Malaysia,31949789,World Bank Upper Middle Income,Senescent,1052743.0515232466,2536229.3000367037
NAM,Namibia,2494524,World Bank Upper Middle Income,Adult_late,48452.46755363799,70811.64386991452
NAM,Namibia,2494524,World Bank Upper Middle Income,Adult_early,81396.14233686865,246626.94622490802
NAM,Namibia,2494524,World Bank Upper Middle Income,Infant,42521.06334555672,241385.62074250408
NAM,Namibia,2494524,World Bank Upper Middle Income,Senescent,67755.68527114709,180152.56764771367
NER,Niger,23310719,World Bank Low Income,Adult_late,344503.455260427,518645.81883360026
NER,Niger,23310719,World Bank Low Income,Adult_early,404727.8499078746,594612.8990098431
NER,Niger,23310719,World Bank Low Income,Infant,723333.7813184529,11252323.553307256
NER,Niger,23310719,World Bank Low Income,Senescent,434812.45718176285,1240211.5504389843
NGA,Nigeria,200963603,World Bank Lower Middle Income,Adult_late,3876488.7705345997,4125183.0026675016
NGA,Nigeria,200963603,World Bank Lower Middle Income,Adult_early,5025597.272609331,7199506.921111891
NGA,Nigeria,200963603,World Bank Lower Middle Income,Infant,6000887.4099359345,74550037.01206632
NGA,Nigeria,200963603,World Bank Lower Middle Income,Senescent,4832821.212433699,10476726.011113375
NIC,Nicaragua,6545503,World Bank Lower Middle Income,Adult_late,155156.64357491903,103142.7080121105
NIC,Nicaragua,6545503,World Bank Lower Middle Income,Adult_early,156204.96899101778,108822.07936434034
NIC,Nicaragua,6545503,World Bank Lower Middle Income,Infant,91991.95959152555,199309.40542950598
NIC,Nicaragua,6545503,World Bank Lower Middle Income,Senescent,200316.11428400254,438345.26440787234
NLD,Netherlands,17344874,World Bank High Income,Adult_late,628898.8725611162,482641.8182126031
NLD,Netherlands,17344874,World Bank High Income,Adult_early,524901.2706609778,128012.58919189704
NLD,Netherlands,17344874,World Bank High Income,Infant,157898.50500084533,170174.13280999628
NLD,Netherlands,17344874,World Bank High Income,Senescent,981148.515738029,1726724.5809841368
NOR,Norway,5347896,World Bank High Income,Adult_late,174506.28504443137,97476.8867963335
NOR,Norway,5347896,World Bank High Income,Adult_early,168205.47108385118,52222.938665212925
NOR,Norway,5347896,World Bank High Income,Infant,55252.252216956294,48442.63730367409
NOR,Norway,5347896,World Bank High Income,Senescent,326569.2751047487,443938.1310930942
NPL,Nepal,28608715,World Bank Lower Middle Income,Adult_late,862055.7296515657,716631.3859388321
NPL,Nepal,28608715,World Bank Lower Middle Income,Adult_early,705470.2094201086,470856.1968569463
NPL,Nepal,28608715,World Bank Lower Middle Income,Infant,653934.8215867408,2085839.0327626204
NPL,Nepal,28608715,World Bank Lower Middle Income,Senescent,918351.8704195393,2875551.8198808003
NRU,Nauru,10764,World Bank High Income,Adult_late,208.75270335251034,281.1655994549622
NRU,Nauru,10764,World Bank High Income,Adult_early,225.0213791379794,380.343525263273
NRU,Nauru,10764,World Bank High Income,Infant,174.25966241828002,805.8035329233131
NRU,Nauru,10764,World Bank High Income,Senescent,265.97194194647767,1521.1395743585654
NZL,New Zealand,4979200,World Bank High Income,Adult_late,136089.9019983044,87799.62975937691
NZL,New Zealand,4979200,World Bank High Income,Adult_early,149303.21707167264,48293.420898834724
NZL,New Zealand,4979200,World Bank High Income,Infant,50278.51858830455,42767.93757337123
NZL,New Zealand,4979200,World Bank High Income,Senescent,282676.5736458398,418564.498867757
OMN,Oman,4974992,World Bank High Income,Adult_late,126923.29096756592,66468.86827410532
OMN,Oman,4974992,World Bank High Income,Adult_early,117885.08563302556,82185.56564901957
OMN,Oman,4974992,World Bank High Income,Infant,60450.68486998829,91382.09010458423
OMN,Oman,4974992,World Bank High Income,Senescent,110480.84810885806,202164.3844033549
PAK,Pakistan,216565317,World Bank Lower Middle Income,Adult_late,4760010.739447987,7246317.701630164
PAK,Pakistan,216565317,World Bank Lower Middle Income,Adult_early,4749232.599632469,3916499.7024014224
PAK,Pakistan,216565317,World Bank Lower Middle Income,Infant,5626890.425436973,42304908.6369673
PAK,Pakistan,216565317,World Bank Lower Middle Income,Senescent,5508442.64569227,20126576.253168754
PAN,Panama,4246440,World Bank High Income,Adult_late,112838.29320373417,61301.18887781137
PAN,Panama,4246440,World Bank High Income,Adult_early,97392.92710363945,92533.426290073985
PAN,Panama,4246440,World Bank High Income,Infant,54761.92736163404,122635.39872983527
PAN,Panama,4246440,World Bank High Income,Senescent,161129.1659329707,259162.78300144518
PER,Peru,32510462,World Bank Upper Middle Income,Adult_late,802343.2021357625,565705.1974799595
PER,Peru,32510462,World Bank Upper Middle Income,Adult_early,853623.6191174788,430797.22035865387
PER,Peru,32510462,World Bank Upper Middle Income,Infant,534243.1481600468,1296581.3953376096
PER,Peru,32510462,World Bank Upper Middle Income,Senescent,1173491.7589254444,1851107.0316023603
PHL,Philippines,108116622,World Bank Lower Middle Income,Adult_late,2782756.7251158734,2729067.8925978267
PHL,Philippines,108116622,World Bank Lower Middle Income,Adult_early,2748107.8853004095,2030203.617747297
PHL,Philippines,108116622,World Bank Lower Middle Income,Infant,1711219.2635200205,7167506.301330673
PHL,Philippines,108116622,World Bank Lower Middle Income,Senescent,3330681.422389341,10198571.391839474
PLW,Palau,18001,World Bank Upper Middle Income,Adult_late,544.6440908621049,794.9914379842519
PLW,Palau,18001,World Bank Upper Middle Income,Adult_early,429.28731470148625,469.4528616306412
PLW,Palau,18001,World Bank Upper Middle Income,Infant,263.75290562450095,1030.076189357619
PLW,Palau,18001,World Bank Upper Middle Income,Senescent,968.9572231471783,3938.2822539176505
PNG,Papua New Guinea,8776119,World Bank Lower Middle Income,Adult_late,192849.79979374463,213863.81988053632
PNG,Papua New Guinea,8776119,World Bank Lower Middle Income,Adult_early,257400.25720219171,413904.09117505106
PNG,Papua New Guinea,8776119,World Bank Lower Middle Income,Infant,212635.80906826284,1690951.9880488624
PNG,Papua New Guinea,8776119,World Bank Lower Middle Income,Senescent,267218.16896560095,1074030.2796495266
POL,Poland,37965475,World Bank High Income,Adult_late,1201156.0649990055,1529354.4012387514
POL,Poland,37965475,World Bank High Income,Adult_early,976895.2001463606,599938.6070351738
POL,Poland,37965475,World Bank High Income,Infant,383339.121224575,452842.91738215735
POL,Poland,37965475,World Bank High Income,Senescent,2412250.9575934066,5100655.308489218
PRI,Puerto Rico,3193694,World Bank High Income,Adult_late,107832.00672547561,71101.51070107426
PRI,Puerto Rico,3193694,World Bank High Income,Adult_early,94456.82018609506,75474.41402734103
PRI,Puerto Rico,3193694,World Bank High Income,Infant,44385.636207995805,49368.60535525058
PRI,Puerto Rico,3193694,World Bank High Income,Senescent,230114.77514175337,413080.91551107983
PRK,Democratic People's Republic of Korea,25666158,World Bank Low Income,Adult_late,725033.4658250746,975872.5157640649
PRK,Democratic People's Republic of Korea,25666158,World Bank Low Income,Adult_early,576691.009697186,456161.9010934858
PRK,Democratic People's Republic of Korea,25666158,World Bank Low Income,Infant,346943.5474127336,639478.7263134095
PRK,Democratic People's Republic of Korea,25666158,World Bank Low Income,Senescent,1033829.9129517976,3886514.5451502553
PRT,Portugal,10286263,World Bank High Income,Adult_late,479369.4299751746,277943.1969099168
PRT,Portugal,10286263,World Bank High Income,Adult_early,351844.7113730977,99842.99821735756
PRT,Portugal,10286263,World Bank High Income,Infant,97066.39099380531,146309.0574000768
PRT,Portugal,10286263,World Bank High Income,Senescent,635541.7813671764,1251147.7412707235
PRY,Paraguay,7044639,World Bank Upper Middle Income,Adult_late,190220.25676276628,121927.73328450942
PRY,Paraguay,7044639,World Bank Upper Middle Income,Adult_early,201206.1296349881,171872.66913232932
PRY,Paraguay,7044639,World Bank Upper Middle Income,Infant,97130.46805252023,206821.90505022646
PRY,Paraguay,7044639,World Bank Upper Middle Income,Senescent,224387.51001501802,485118.88640111435
QAT,Qatar,2832071,World Bank High Income,Adult_late,89214.93960931788,25704.45274961041
QAT,Qatar,2832071,World Bank High Income,Adult_early,75505.98526381668,40407.50437738839
QAT,Qatar,2832071,World Bank High Income,Infant,28677.13553678584,27019.233794034713
QAT,Qatar,2832071,World Bank High Income,Senescent,81751.35835963434,81622.55531118663
ROU,Romania,19371648,World Bank High Income,Adult_late,602149.3559965076,872826.8150740901
ROU,Romania,19371648,World Bank High Income,Adult_early,446083.96225289453,203004.6790754908
ROU,Romania,19371648,World Bank High Income,Infant,204092.39365403456,338350.7536540269
ROU,Romania,19371648,World Bank High Income,Senescent,1235782.409901505,3549224.00812604
RUS,Russian Federation,144406261,World Bank Upper Middle Income,Adult_late,4644078.827028001,5784546.31096989
RUS,Russian Federation,144406261,World Bank Upper Middle Income,Adult_early,4654019.843288247,5884195.674128681
RUS,Russian Federation,144406261,World Bank Upper Middle Income,Infant,1743714.3474591398,3107345.907116026
RUS,Russian Federation,144406261,World Bank Upper Middle Income,Senescent,7855968.059164628,26145124.93409705
RWA,Rwanda,12626938,World Bank Low Income,Adult_late,249625.82154790038,390687.33059456386
RWA,Rwanda,12626938,World Bank Low Income,Adult_early,303618.9188819532,327176.5612079269
RWA,Rwanda,12626938,World Bank Low Income,Infant,301832.30381792906,1703145.68460356
RWA,Rwanda,12626938,World Bank Low Income,Senescent,293709.93589866435,725835.3241312756
SAU,Saudi Arabia,34268529,World Bank High Income,Adult_late,1049587.4039453014,455191.7363983309
SAU,Saudi Arabia,34268529,World Bank High Income,Adult_early,1016377.924631806,1082244.0050620572
SAU,Saudi Arabia,34268529,World Bank High Income,Infant,387092.0124389909,595604.5094240289
SAU,Saudi Arabia,34268529,World Bank High Income,Senescent,1214914.1431406473,2530337.6418752796
SDN,Sudan,42813237,World Bank Low Income,Adult_late,863761.5403856176,404225.33915379393
SDN,Sudan,42813237,World Bank Low Income,Adult_early,1002693.5314263252,875084.7233381727
SDN,Sudan,42813237,World Bank Low Income,Infant,859708.495230101,4786141.9454114875
SDN,Sudan,42813237,World Bank Low Income,Senescent,933052.4769758239,2975904.006974652
SEN,Senegal,16296362,World Bank Lower Middle Income,Adult_late,274281.86592512473,319711.91180639475
SEN,Senegal,16296362,World Bank Lower Middle Income,Adult_early,330494.50986353017,314553.14948119054
SEN,Senegal,16296362,World Bank Lower Middle Income,Infant,406085.801752047,2565172.131834694
SEN,Senegal,16296362,World Bank Lower Middle Income,Senescent,361682.20837350807,901836.8931607372
SGP,Singapore,5703569,World Bank High Income,Adult_late,175211.23006862553,73641.51982839292
SGP,Singapore,5703569,World Bank High Income,Adult_early,114475.26994121177,26758.37275046405
SGP,Singapore,5703569,World Bank High Income,Infant,58046.7677069572,62526.29469755956
SGP,Singapore,5703569,World Bank High Income,Senescent,255320.07032888563,281788.85989889206
SLB,Solomon Islands,669821,World Bank Lower Middle Income,Adult_late,12145.336119755555,18907.972166443287
SLB,Solomon Islands,669821,World Bank Lower Middle Income,Adult_early,13636.908553861813,22375.283082491787
SLB,Solomon Islands,669821,World Bank Lower Middle Income,Infant,13497.939930105156,84282.38126523423
SLB,Solomon Islands,669821,World Bank Lower Middle Income,Senescent,17500.58027555563,126918.56721178224
SLE,Sierra Leone,7813207,World Bank Low Income,Adult_late,148136.68907056152,207795.3922687639
SLE,Sierra Leone,7813207,World Bank Low Income,Adult_early,214899.0948522611,340475.0713148543
SLE,Sierra Leone,7813207,World Bank Low Income,Infant,237026.53004787525,2878151.328023557
SLE,Sierra Leone,7813207,World Bank Low Income,Senescent,171084.99576069883,543060.5413499386
SLV,El Salvador,6453550,World Bank Lower Middle Income,Adult_late,163892.2810626057,127076.34292100006
SLV,El Salvador,6453550,World Bank Lower Middle Income,Adult_early,166340.6584748065,294057.6903974254
SLV,El Salvador,6453550,World Bank Lower Middle Income,Infant,93568.56290015535,174038.61655942135
SLV,El Salvador,6453550,World Bank Lower Middle Income,Senescent,238017.55469018547,499568.1678545618
SMR,San Marino,33864,World Bank High Income,Adult_late,1300.5731701400098,842.746690719867
SMR,San Marino,33864,World Bank High Income,Adult_early,1030.4853085716006,274.0604467810391
SMR,San Marino,33864,World Bank High Income,Infant,308.3422993591568,287.7798035970609
SMR,San Marino,33864,World Bank High Income,Senescent,1826.7414065873575,3267.1799087602926
SOM,Somalia,15442906,World Bank Low Income,Adult_late,335795.53007097985,1278896.9109437207
SOM,Somalia,15442906,World Bank Low Income,Adult_early,430972.17557914613,722288.9887114082
SOM,Somalia,15442906,World Bank Low Income,Infant,600134.0352514577,7984080.190589433
SOM,Somalia,15442906,World Bank Low Income,Senescent,394273.8464923908,1287386.567358988
SRB,Serbia,6945235,World Bank Upper Middle Income,Adult_late,268047.8104831875,347106.5359603314
SRB,Serbia,6945235,World Bank Upper Middle Income,Adult_early,199763.26997906266,97850.71740864769
SRB,Serbia,6945235,World Bank Upper Middle Income,Infant,99051.14095753423,80178.63020791604
SRB,Serbia,6945235,World Bank Upper Middle Income,Senescent,564645.1814969089,1619534.744432551
SSD,South Sudan,11062114,World Bank Low Income,Adult_late,163527.933894039,320647.6735687992
SSD,South Sudan,11062114,World Bank Low Income,Adult_early,299338.650485794,370395.09709537425
SSD,South Sudan,11062114,World Bank Low Income,Infant,251256.52241782812,3163802.53174355
SSD,South Sudan,11062114,World Bank Low Income,Senescent,203584.21680148353,470288.41109980585
STP,Sao Tome and Principe,215048,World Bank Lower Middle Income,Adult_late,3867.335691163038,3958.320345179614
STP,Sao Tome and Principe,215048,World Bank Lower Middle Income,Adult_early,4364.502457246422,2124.6862868743706
STP,Sao Tome and Principe,215048,World Bank Lower Middle Income,Infant,4252.836887150324,14393.53186885011
STP,Sao Tome and Principe,215048,World Bank Lower Middle Income,Senescent,5533.333231316345,15306.3854989274
SUR,Suriname,581363,World Bank Upper Middle Income,Adult_late,16466.305212492967,12110.057728109692
SUR,Suriname,581363,World Bank Upper Middle Income,Adult_early,15115.275505718919,19654.366567035184
SUR,Suriname,581363,World Bank Upper Middle Income,Infant,9901.789360610826,28836.208429548125
SUR,Suriname,581363,World Bank Upper Middle Income,Senescent,25041.983451138236,68092.76974645951
SVK,Slovakia,5454147,World Bank High Income,Adult_late,164712.19457278043,181636.56579843425
SVK,Slovakia,5454147,World Bank High Income,Adult_early,136584.78839758164,56885.72072959844
SVK,Slovakia,5454147,World Bank High Income,Infant,55586.714772181855,74510.76517261392
SVK,Slovakia,5454147,World Bank High Income,Senescent,343476.22109990194,747746.4990609919
SVN,Slovenia,2088385,World Bank High Income,Adult_late,67447.60175962848,62628.44628491566
SVN,Slovenia,2088385,World Bank High Income,Adult_early,52259.22381184348,27572.39334025492
SVN,Slovenia,2088385,World Bank High Income,Infant,20340.46317100697,17854.22246478256
SVN,Slovenia,2088385,World Bank High Income,Senescent,146024.81089693174,231479.90085971967
SWE,Sweden,10278887,World Bank High Income,Adult_late,389935.14604675566,185609.1596312617
SWE,Sweden,10278887,World Bank High Income,Adult_early,284692.4395643334,104639.3492517466
SWE,Sweden,10278887,World Bank High Income,Infant,105672.52251356735,87531.33372768594
SWE,Sweden,10278887,World Bank High Income,Senescent,584824.94562607,1005745.0451663824
SWZ,Eswatini,1148133,World Bank Lower Middle Income,Adult_late,23120.487880909914,58315.49095305827
SWZ,Eswatini,1148133,World Bank Lower Middle Income,Adult_early,46466.94947893824,209960.8805347657
SWZ,Eswatini,1148133,World Bank Lower Middle Income,Infant,17507.830735588097,146830.53881489023
SWZ,Eswatini,1148133,World Bank Lower Middle Income,Senescent,31745.364024467897,102878.9947241895
SYC,Seychelles,97625,World Bank High Income,Adult_late,2891.578519347537,3370.696791630675
SYC,Seychelles,97625,World Bank High Income,Adult_early,2389.996998625279,1550.6115594731484
SYC,Seychelles,97625,World Bank High Income,Infant,1438.8889657600034,4438.557773774205
SYC,Seychelles,97625,World Bank High Income,Senescent,4355.496216391885,11452.586349361049
SYR,Syrian Arab Republic,17070132,World Bank Low Income,Adult_late,368635.0414737163,167160.96529962186
SYR,Syrian Arab Republic,17070132,World Bank Low Income,Adult_early,396907.4117589061,110484.75274621519
SYR,Syrian Arab Republic,17070132,World Bank Low Income,Infant,367759.8672257324,555682.6490419421
SYR,Syrian Arab Republic,17070132,World Bank Low Income,Senescent,474132.20733319037,1484710.5859420905
TCD,Chad,15946882,World Bank Low Income,Adult_late,278875.36991588795,559714.5323131674
TCD,Chad,15946882,World Bank Low Income,Adult_early,348019.34328899364,674893.524537513
TCD,Chad,15946882,World Bank Low Income,Infant,467811.8728702638,7985555.948199635
TCD,Chad,15946882,World Bank Low Income,Senescent,311328.9745552151,957141.7389831324
TGO,Togo,8082359,World Bank Low Income,Adult_late,158305.22828762888,199118.38254597152
TGO,Togo,8082359,World Bank Low Income,Adult_early,185974.08087255005,326635.48721508624
TGO,Togo,8082359,World Bank Low Income,Infant,211015.19419843235,1685550.9913845274
TGO,Togo,8082359,World Bank Low Income,Senescent,178715.68465025013,483748.19573889114
THA,Thailand,69625581,World Bank Upper Middle Income,Adult_late,2409210.4463322465,2398192.539810807
THA,Thailand,69625581,World Bank Upper Middle Income,Adult_early,1847337.6048949761,2127921.433620286
THA,Thailand,69625581,World Bank Upper Middle Income,Infant,826717.3361837383,1575289.6747244054
THA,Thailand,69625581,World Bank Upper Middle Income,Senescent,3188781.729208014,6195819.968770723
TJK,Tajikistan,9321023,World Bank Lower Middle Income,Adult_late,165326.3875129905,173750.45891304946
TJK,Tajikistan,9321023,World Bank Lower Middle Income,Adult_early,186937.70036665845,83511.71956448782
TJK,Tajikistan,9321023,World Bank Lower Middle Income,Infant,191293.69161327323,809947.1994264161
TJK,Tajikistan,9321023,World Bank Lower Middle Income,Senescent,244120.92212255325,829627.3037290517
TKM,Turkmenistan,5942094,World Bank Upper Middle Income,Adult_late,106051.61050488042,155467.51980600142
TKM,Turkmenistan,5942094,World Bank Upper Middle Income,Adult_early,107643.63377588255,65517.669992937255
TKM,Turkmenistan,5942094,World Bank Upper Middle Income,Infant,81133.56558543222,288311.8263593607
TKM,Turkmenistan,5942094,World Bank Upper Middle Income,Senescent,161478.6630644985,624265.4603666218
TLS,Timor-Leste,1293120,World Bank Lower Middle Income,Adult_late,24756.64654295948,28848.873183993866
TLS,Timor-Leste,1293120,World Bank Lower Middle Income,Adult_early,28954.157934218194,28526.72663626252
TLS,Timor-Leste,1293120,World Bank Lower Middle Income,Infant,29765.585432255728,123895.19734493931
TLS,Timor-Leste,1293120,World Bank Lower Middle Income,Senescent,35053.82603602176,105364.36367558641
TON,Tonga,104497,World Bank Upper Middle Income,Adult_late,2187.5515127000017,2305.9948805703903
TON,Tonga,104497,World Bank Upper Middle Income,Adult_early,2140.470034638579,1110.8639447516753
TON,Tonga,104497,World Bank Upper Middle Income,Infant,1709.8991221518172,4471.460916641699
TON,Tonga,104497,World Bank Upper Middle Income,Senescent,3352.9113097253144,9969.858161949947
TTO,Trinidad and Tobago,1394969,World Bank High Income,Adult_late,42044.635602106595,24004.491110335668
TTO,Trinidad and Tobago,1394969,World Bank High Income,Adult_early,35767.73832158519,43532.66319269667
TTO,Trinidad and Tobago,1394969,World Bank High Income,Infant,19330.904152893407,33383.591998900985
TTO,Trinidad and Tobago,1394969,World Bank High Income,Senescent,70687.04537293519,192632.70349743316
TUN,Tunisia,11694721,World Bank Lower Middle Income,Adult_late,384350.1316074998,169928.74304944897
TUN,Tunisia,11694721,World Bank Lower Middle Income,Adult_early,319481.52013003716,122598.05645486865
TUN,Tunisia,11694721,World Bank Lower Middle Income,Infant,135782.58812998838,237901.59709815984
TUN,Tunisia,11694721,World Bank Lower Middle Income,Senescent,450617.7732286789,1050581.7161422481
TUR,Turkey,83429607,World Bank Upper Middle Income,Adult_late,2728790.3083030977,1428939.8800928239
TUR,Turkey,83429607,World Bank Upper Middle Income,Adult_early,2260471.714230534,549436.7003392878
TUR,Turkey,83429607,World Bank Upper Middle Income,Infant,1077593.3738664738,1741292.3071489967
TUR,Turkey,83429607,World Bank Upper Middle Income,Senescent,3234849.2461577444,6607910.768036284
TUV,Tuvalu,11655,World Bank Upper Middle Income,Adult_late,285.26858437376404,329.83897116493
TUV,Tuvalu,11655,World Bank Upper Middle Income,Adult_early,256.06394886114714,316.65845903359514
TUV,Tuvalu,11655,World Bank Upper Middle Income,Infant,200.11147321965524,508.0634234140157
TUV,Tuvalu,11655,World Bank Upper Middle Income,Senescent,442.7298184887616,2020.4875960726397
TZA,United Republic of Tanzania,58005461,World Bank Lower Middle Income,Adult_late,1020997.1330579486,1616393.095734494
TZA,United Republic of Tanzania,58005461,World Bank Lower Middle Income,Adult_early,1334666.607808777,2298935.509863225
TZA,United Republic of Tanzania,58005461,World Bank Lower Middle Income,Infant,1349156.5703239937,11204667.76229949
TZA,United Republic of Tanzania,58005461,World Bank Lower Middle Income,Senescent,1280029.4825527088,3183520.053828802
UGA,Uganda,44269587,World Bank Low Income,Adult_late,774639.6182812036,1149899.8995979205
UGA,Uganda,44269587,World Bank Low Income,Adult_early,937095.5965812041,1738851.9290113961
UGA,Uganda,44269587,World Bank Low Income,Infant,962791.9363765983,8788168.923712926
UGA,Uganda,44269587,World Bank Low Income,Senescent,785574.6423335652,1932135.5102728787
UKR,Ukraine,44386203,World Bank Lower Middle Income,Adult_late,1593213.8419507234,2227997.844377497
UKR,Ukraine,44386203,World Bank Lower Middle Income,Adult_early,1317762.0941350528,1789944.5117371061
UKR,Ukraine,44386203,World Bank Lower Middle Income,Infant,455869.42723397975,1057446.631569341
UKR,Ukraine,44386203,World Bank Lower Middle Income,Senescent,2430011.8340982986,10694521.05240378
URY,Uruguay,3461731,World Bank High Income,Adult_late,118686.43266504837,92969.51202359244
URY,Uruguay,3461731,World Bank High Income,Adult_early,92959.80515304621,67619.94868565109
URY,Uruguay,3461731,World Bank High Income,Infant,41037.606901734995,76717.67518471612
URY,Uruguay,3461731,World Bank High Income,Senescent,164605.37248108553,406618.6385017889
USA,United States of America,328329953,World Bank High Income,Adult_late,16453917.304921323,9046464.743397301
USA,United States of America,328329953,World Bank High Income,Adult_early,11897980.641854154,8434733.33650039
USA,United States of America,328329953,World Bank High Income,Infant,3749003.3249068446,4512850.768678348
USA,United States of America,328329953,World Bank High Income,Senescent,21215925.597651247,35763593.161466695
UZB,Uzbekistan,33580350,World Bank Lower Middle Income,Adult_late,686643.7015163669,956487.9738159516
UZB,Uzbekistan,33580350,World Bank Lower Middle Income,Adult_early,683761.3935812542,461044.5496939463
UZB,Uzbekistan,33580350,World Bank Lower Middle Income,Infant,655191.5267337239,1691049.0857417248
UZB,Uzbekistan,33580350,World Bank Lower Middle Income,Senescent,986672.6524123043,3940371.0806256565
VCT,Saint Vincent and the Grenadines,110593,World Bank Upper Middle Income,Adult_late,3047.7887278564103,2460.826594483857
VCT,Saint Vincent and the Grenadines,110593,World Bank Upper Middle Income,Adult_early,2921.1283201536075,3192.530360513068
VCT,Saint Vincent and the Grenadines,110593,World Bank Upper Middle Income,Infant,1815.0849663932356,3799.4429770810775
VCT,Saint Vincent and the Grenadines,110593,World Bank Upper Middle Income,Senescent,5371.784462218705,16023.696231063772
VIR,United States Virgin Islands,106669,World Bank High Income,Adult_late,3259.77570651778,3394.5229778449966
VIR,United States Virgin Islands,106669,World Bank High Income,Adult_early,2703.6148008974974,2735.3124449906554
VIR,United States Virgin Islands,106669,World Bank High Income,Infant,1382.661862168022,1864.3371448863684
VIR,United States Virgin Islands,106669,World Bank High Income,Senescent,5826.7465092807715,19689.54524301704
VNM,Viet Nam,96462108,World Bank Lower Middle Income,Adult_late,2613927.505493009,2861618.4112918666
VNM,Viet Nam,96462108,World Bank Lower Middle Income,Adult_early,2318521.2649637684,1719000.6567138992
VNM,Viet Nam,96462108,World Bank Lower Middle Income,Infant,1191769.6694902636,2480695.786657042
VNM,Viet Nam,96462108,World Bank Lower Middle Income,Senescent,3232309.4674328854,9393660.670438435
VUT,Vanuatu,299882,World Bank Lower Middle Income,Adult_late,6133.017166080581,7769.789159664937
VUT,Vanuatu,299882,World Bank Lower Middle Income,Adult_early,6375.0822786091585,7177.210326885877
VUT,Vanuatu,299882,World Bank Lower Middle Income,Infant,5753.688097430084,23684.81780743217
VUT,Vanuatu,299882,World Bank Lower Middle Income,Senescent,8438.506877728927,42398.18337532214
WSM,Samoa,197093,World Bank Lower Middle Income,Adult_late,4506.146421298178,3822.9950353439276
WSM,Samoa,197093,World Bank Lower Middle Income,Adult_early,4605.0607174287325,4104.414117492938
WSM,Samoa,197093,World Bank Lower Middle Income,Infant,3376.9967762564306,7455.740577022621
WSM,Samoa,197093,World Bank Lower Middle Income,Senescent,6701.942419674117,24973.350046547996
YEM,Yemen,29161922,World Bank Low Income,Adult_late,668559.0696308581,477773.93089780374
YEM,Yemen,29161922,World Bank Low Income,Adult_early,813222.7592953768,719257.2534461987
YEM,Yemen,29161922,World Bank Low Income,Infant,982086.5369218116,5034778.7954539135
YEM,Yemen,29161922,World Bank Low Income,Senescent,676360.7784757232,2252511.556335041
ZAF,South Africa,58558267,World Bank Upper Middle Income,Adult_late,1392308.8921878885,1923327.385626576
ZAF,South Africa,58558267,World Bank Upper Middle Income,Adult_early,2245914.020145493,9208535.783976471
ZAF,South Africa,58558267,World Bank Upper Middle Income,Infant,801862.4363906077,4535652.979631136
ZAF,South Africa,58558267,World Bank Upper Middle Income,Senescent,2055661.1730834953,4424620.032144555
ZMB,Zambia,17861034,World Bank Low Income,Adult_late,312944.56021313067,637670.4518778935
ZMB,Zambia,17861034,World Bank Low Income,Adult_early,505754.34831751673,1520661.0000417128
ZMB,Zambia,17861034,World Bank Low Income,Infant,534802.9432099361,3020290.411166839
ZMB,Zambia,17861034,World Bank Low Income,Senescent,373026.6306734854,1092614.2224450794
ZWE,Zimbabwe,14645473,World Bank Lower Middle Income,Adult_late,262287.0071321898,716499.3344599162
ZWE,Zimbabwe,14645473,World Bank Lower Middle Income,Adult_early,448411.1051835836,1485864.2709194713
ZWE,Zimbabwe,14645473,World Bank Lower Middle Income,Infant,271279.62802442414,2536456.622039725
ZWE,Zimbabwe,14645473,World Bank Lower Middle Income,Senescent,370789.4367935481,1104330.3171583668
